"year","country","sex","edu","age","n","prev","source"
1991,"Austria","f","2b","From 25 to 29 years",220200,0.886423470496832,"EUROSTATcensus"
1991,"Austria","f","2b","From 30 to 34 years",179545,0.848354981832271,"EUROSTATcensus"
1991,"Austria","f","2b","From 35 to 39 years",139434,0.845085275828212,"EUROSTATcensus"
1991,"Austria","f","2b","From 40 to 44 years",141518,0.902152779105867,"EUROSTATcensus"
1991,"Austria","f","2b","From 45 to 49 years",128365,0.932031715144562,"EUROSTATcensus"
1991,"Austria","f","2b","From 50 to 54 years",105043,0.945805045830257,"EUROSTATcensus"
1991,"Austria","f","2b","From 55 to 59 years",62318,0.954816369681462,"EUROSTATcensus"
1991,"Austria","f","2b","From 60 to 64 years",71020,0.948818319060534,"EUROSTATcensus"
1991,"Austria","f","2b","From 65 to 69 years",72635,0.939735810487366,"EUROSTATcensus"
1991,"Austria","f","3","From 25 to 29 years",28214,0.113576529503168,"EUROSTATcensus"
1991,"Austria","f","3","From 30 to 34 years",32094,0.151645018167729,"EUROSTATcensus"
1991,"Austria","f","3","From 35 to 39 years",25560,0.154914724171788,"EUROSTATcensus"
1991,"Austria","f","3","From 40 to 44 years",15349,0.0978472208941333,"EUROSTATcensus"
1991,"Austria","f","3","From 45 to 49 years",9361,0.0679682848554376,"EUROSTATcensus"
1991,"Austria","f","3","From 50 to 54 years",6019,0.054194954169743,"EUROSTATcensus"
1991,"Austria","f","3","From 55 to 59 years",2949,0.0451836303185377,"EUROSTATcensus"
1991,"Austria","f","3","From 60 to 64 years",3831,0.0511816809394664,"EUROSTATcensus"
1991,"Austria","f","3","From 65 to 69 years",4658,0.0602641895126337,"EUROSTATcensus"
1991,"Austria","m","2b","From 25 to 29 years",270286,0.923107923497268,"EUROSTATcensus"
1991,"Austria","m","2b","From 30 to 34 years",227928,0.880727989335188,"EUROSTATcensus"
1991,"Austria","m","2b","From 35 to 39 years",179391,0.86608345523804,"EUROSTATcensus"
1991,"Austria","m","2b","From 40 to 44 years",179909,0.88102583690819,"EUROSTATcensus"
1991,"Austria","m","2b","From 45 to 49 years",160905,0.886309179542262,"EUROSTATcensus"
1991,"Austria","m","2b","From 50 to 54 years",151857,0.906793020672853,"EUROSTATcensus"
1991,"Austria","m","2b","From 55 to 59 years",105213,0.922298096899463,"EUROSTATcensus"
1991,"Austria","m","2b","From 60 to 64 years",107018,0.917774385537622,"EUROSTATcensus"
1991,"Austria","m","2b","From 65 to 69 years",81308,0.895936177715092,"EUROSTATcensus"
1991,"Austria","m","3","From 25 to 29 years",22514,0.0768920765027322,"EUROSTATcensus"
1991,"Austria","m","3","From 30 to 34 years",30867,0.119272010664812,"EUROSTATcensus"
1991,"Austria","m","3","From 35 to 39 years",27738,0.13391654476196,"EUROSTATcensus"
1991,"Austria","m","3","From 40 to 44 years",24295,0.11897416309181,"EUROSTATcensus"
1991,"Austria","m","3","From 45 to 49 years",20640,0.113690820457738,"EUROSTATcensus"
1991,"Austria","m","3","From 50 to 54 years",15609,0.093206979327147,"EUROSTATcensus"
1991,"Austria","m","3","From 55 to 59 years",8864,0.0777019031005374,"EUROSTATcensus"
1991,"Austria","m","3","From 60 to 64 years",9588,0.0822256144623776,"EUROSTATcensus"
1991,"Austria","m","3","From 65 to 69 years",9444,0.104063822284908,"EUROSTATcensus"
1991,"Finland","f","2a","From 25 to 29 years",27286,0.148056909069205,"EUROSTATcensus"
1991,"Finland","f","2a","From 30 to 34 years",38241,0.204142533030829,"EUROSTATcensus"
1991,"Finland","f","2a","From 35 to 39 years",56881,0.287005267725594,"EUROSTATcensus"
1991,"Finland","f","2a","From 40 to 44 years",83840,0.38977219897722,"EUROSTATcensus"
1991,"Finland","f","2a","From 45 to 49 years",74736,0.46646735365161,"EUROSTATcensus"
1991,"Finland","f","2a","From 50 to 54 years",81030,0.584307419399035,"EUROSTATcensus"
1991,"Finland","f","2a","From 55 to 59 years",89098,0.687346674278308,"EUROSTATcensus"
1991,"Finland","f","2a","From 60 to 64 years",104695,0.763812386462293,"EUROSTATcensus"
1991,"Finland","f","2a","From 65 to 69 years",104931,0.802482448492635,"EUROSTATcensus"
1991,"Finland","f","2b","From 25 to 29 years",132788,0.720522643167982,"EUROSTATcensus"
1991,"Finland","f","2b","From 30 to 34 years",116422,0.621497397571066,"EUROSTATcensus"
1991,"Finland","f","2b","From 35 to 39 years",109377,0.551885078814055,"EUROSTATcensus"
1991,"Finland","f","2b","From 40 to 44 years",101563,0.472166434216643,"EUROSTATcensus"
1991,"Finland","f","2b","From 45 to 49 years",63610,0.39702403615097,"EUROSTATcensus"
1991,"Finland","f","2b","From 50 to 54 years",44180,0.31858202874305,"EUROSTATcensus"
1991,"Finland","f","2b","From 55 to 59 years",30640,0.23637233271103,"EUROSTATcensus"
1991,"Finland","f","2b","From 60 to 64 years",24375,0.177830143942102,"EUROSTATcensus"
1991,"Finland","f","2b","From 65 to 69 years",20009,0.153023141987488,"EUROSTATcensus"
1991,"Finland","f","3","From 25 to 29 years",24220,0.131420447762814,"EUROSTATcensus"
1991,"Finland","f","3","From 30 to 34 years",32662,0.174360069398105,"EUROSTATcensus"
1991,"Finland","f","3","From 35 to 39 years",31930,0.161109653460351,"EUROSTATcensus"
1991,"Finland","f","3","From 40 to 44 years",29697,0.138061366806137,"EUROSTATcensus"
1991,"Finland","f","3","From 45 to 49 years",21871,0.13650861019742,"EUROSTATcensus"
1991,"Finland","f","3","From 50 to 54 years",13467,0.0971105518579144,"EUROSTATcensus"
1991,"Finland","f","3","From 55 to 59 years",9888,0.0762809930106614,"EUROSTATcensus"
1991,"Finland","f","3","From 60 to 64 years",7999,0.0583574695956051,"EUROSTATcensus"
1991,"Finland","f","3","From 65 to 69 years",5818,0.0444944095198764,"EUROSTATcensus"
1991,"Finland","m","2a","From 25 to 29 years",39436,0.204833607753718,"EUROSTATcensus"
1991,"Finland","m","2a","From 30 to 34 years",48489,0.247391594940842,"EUROSTATcensus"
1991,"Finland","m","2a","From 35 to 39 years",62785,0.303045660778067,"EUROSTATcensus"
1991,"Finland","m","2a","From 40 to 44 years",89734,0.396924887093992,"EUROSTATcensus"
1991,"Finland","m","2a","From 45 to 49 years",76385,0.462757095689577,"EUROSTATcensus"
1991,"Finland","m","2a","From 50 to 54 years",79021,0.578535449673471,"EUROSTATcensus"
1991,"Finland","m","2a","From 55 to 59 years",82673,0.673189043059084,"EUROSTATcensus"
1991,"Finland","m","2a","From 60 to 64 years",87758,0.746362082309217,"EUROSTATcensus"
1991,"Finland","m","2a","From 65 to 69 years",71194,0.775170671689731,"EUROSTATcensus"
1991,"Finland","m","2b","From 25 to 29 years",130163,0.676076602242802,"EUROSTATcensus"
1991,"Finland","m","2b","From 30 to 34 years",118263,0.603379574594007,"EUROSTATcensus"
1991,"Finland","m","2b","From 35 to 39 years",113462,0.547649387006468,"EUROSTATcensus"
1991,"Finland","m","2b","From 40 to 44 years",103533,0.45796269346627,"EUROSTATcensus"
1991,"Finland","m","2b","From 45 to 49 years",63574,0.385145245812256,"EUROSTATcensus"
1991,"Finland","m","2b","From 50 to 54 years",41748,0.305649105338683,"EUROSTATcensus"
1991,"Finland","m","2b","From 55 to 59 years",28185,0.229504592534688,"EUROSTATcensus"
1991,"Finland","m","2b","From 60 to 64 years",20667,0.175768193840842,"EUROSTATcensus"
1991,"Finland","m","2b","From 65 to 69 years",14328,0.156005356967869,"EUROSTATcensus"
1991,"Finland","m","3","From 25 to 29 years",22928,0.11908979000348,"EUROSTATcensus"
1991,"Finland","m","3","From 30 to 34 years",29249,0.149228830465151,"EUROSTATcensus"
1991,"Finland","m","3","From 35 to 39 years",30933,0.149304952215465,"EUROSTATcensus"
1991,"Finland","m","3","From 40 to 44 years",32806,0.145112419439738,"EUROSTATcensus"
1991,"Finland","m","3","From 45 to 49 years",25106,0.152097658498167,"EUROSTATcensus"
1991,"Finland","m","3","From 50 to 54 years",15819,0.115815444987847,"EUROSTATcensus"
1991,"Finland","m","3","From 55 to 59 years",11950,0.0973063644062276,"EUROSTATcensus"
1991,"Finland","m","3","From 60 to 64 years",9156,0.0778697238499417,"EUROSTATcensus"
1991,"Finland","m","3","From 65 to 69 years",6321,0.0688239713423995,"EUROSTATcensus"
1991,"France","f","1","From 25 to 29 years",493269,0.236931218862697,"EUROSTATcensus"
1991,"France","f","1","From 30 to 34 years",644119,0.301951493235239,"EUROSTATcensus"
1991,"France","f","1","From 35 to 39 years",797091,0.372750773708592,"EUROSTATcensus"
1991,"France","f","1","From 40 to 44 years",915749,0.425553103462377,"EUROSTATcensus"
1991,"France","f","1","From 45 to 49 years",722695,0.4937331595315,"EUROSTATcensus"
1991,"France","f","1","From 50 to 54 years",865807,0.601837473220604,"EUROSTATcensus"
1991,"France","f","1","From 55 to 59 years",1062654,0.687982286618822,"EUROSTATcensus"
1991,"France","f","1","From 60 to 64 years",1147144,0.740687842815681,"EUROSTATcensus"
1991,"France","f","1","From 65 to 69 years",1154156,0.771373480770066,"EUROSTATcensus"
1991,"France","f","2a","From 25 to 29 years",200641,0.0963736149724195,"EUROSTATcensus"
1991,"France","f","2a","From 30 to 34 years",232505,0.108994195070568,"EUROSTATcensus"
1991,"France","f","2a","From 35 to 39 years",211196,0.098763469169969,"EUROSTATcensus"
1991,"France","f","2a","From 40 to 44 years",213921,0.0994101499928203,"EUROSTATcensus"
1991,"France","f","2a","From 45 to 49 years",138405,0.094555985505583,"EUROSTATcensus"
1991,"France","f","2a","From 50 to 54 years",126825,0.0881582587588263,"EUROSTATcensus"
1991,"France","f","2a","From 55 to 59 years",134399,0.0870124531025932,"EUROSTATcensus"
1991,"France","f","2a","From 60 to 64 years",130012,0.083946137381316,"EUROSTATcensus"
1991,"France","f","2a","From 65 to 69 years",130921,0.0875002924005922,"EUROSTATcensus"
1991,"France","f","2b","From 25 to 29 years",965898,0.463948454974956,"EUROSTATcensus"
1991,"France","f","2b","From 30 to 34 years",857624,0.402038827350814,"EUROSTATcensus"
1991,"France","f","2b","From 35 to 39 years",776268,0.363013128495016,"EUROSTATcensus"
1991,"France","f","2b","From 40 to 44 years",709717,0.32980901090802,"EUROSTATcensus"
1991,"France","f","2b","From 45 to 49 years",437305,0.298759475752458,"EUROSTATcensus"
1991,"France","f","2b","From 50 to 54 years",343330,0.23865464206322,"EUROSTATcensus"
1991,"France","f","2b","From 55 to 59 years",274129,0.177476296375425,"EUROSTATcensus"
1991,"France","f","2b","From 60 to 64 years",213191,0.137653147205336,"EUROSTATcensus"
1991,"France","f","2b","From 65 to 69 years",160697,0.107400909616471,"EUROSTATcensus"
1991,"France","f","3","From 25 to 29 years",422100,0.202746711189928,"EUROSTATcensus"
1991,"France","f","3","From 30 to 34 years",398939,0.187015484343379,"EUROSTATcensus"
1991,"France","f","3","From 35 to 39 years",353847,0.165472628626423,"EUROSTATcensus"
1991,"France","f","3","From 40 to 44 years",312516,0.145227735636783,"EUROSTATcensus"
1991,"France","f","3","From 45 to 49 years",165331,0.112951379210459,"EUROSTATcensus"
1991,"France","f","3","From 50 to 54 years",102644,0.0713496259573504,"EUROSTATcensus"
1991,"France","f","3","From 55 to 59 years",73413,0.0475289639031591,"EUROSTATcensus"
1991,"France","f","3","From 60 to 64 years",58408,0.0377128725976672,"EUROSTATcensus"
1991,"France","f","3","From 65 to 69 years",50461,0.033725317212871,"EUROSTATcensus"
1991,"France","m","1","From 25 to 29 years",500261,0.243566741662313,"EUROSTATcensus"
1991,"France","m","1","From 30 to 34 years",583011,0.275582091189008,"EUROSTATcensus"
1991,"France","m","1","From 35 to 39 years",678306,0.318264355552052,"EUROSTATcensus"
1991,"France","m","1","From 40 to 44 years",800808,0.36251797180283,"EUROSTATcensus"
1991,"France","m","1","From 45 to 49 years",634240,0.422222325777704,"EUROSTATcensus"
1991,"France","m","1","From 50 to 54 years",741879,0.517302476065629,"EUROSTATcensus"
1991,"France","m","1","From 55 to 59 years",884011,0.60300927899678,"EUROSTATcensus"
1991,"France","m","1","From 60 to 64 years",936314,0.673961630181052,"EUROSTATcensus"
1991,"France","m","1","From 65 to 69 years",867838,0.709324536503113,"EUROSTATcensus"
1991,"France","m","2a","From 25 to 29 years",146544,0.0713492448744995,"EUROSTATcensus"
1991,"France","m","2a","From 30 to 34 years",166573,0.0787369975448604,"EUROSTATcensus"
1991,"France","m","2a","From 35 to 39 years",146468,0.0687234723399144,"EUROSTATcensus"
1991,"France","m","2a","From 40 to 44 years",139903,0.0633327237104666,"EUROSTATcensus"
1991,"France","m","2a","From 45 to 49 years",80254,0.0534261959714995,"EUROSTATcensus"
1991,"France","m","2a","From 50 to 54 years",69298,0.0483205846053008,"EUROSTATcensus"
1991,"France","m","2a","From 55 to 59 years",68385,0.046647371519353,"EUROSTATcensus"
1991,"France","m","2a","From 60 to 64 years",64549,0.0464625641254501,"EUROSTATcensus"
1991,"France","m","2a","From 65 to 69 years",71324,0.0582964369404751,"EUROSTATcensus"
1991,"France","m","2b","From 25 to 29 years",1064373,0.518221215572154,"EUROSTATcensus"
1991,"France","m","2b","From 30 to 34 years",998118,0.471798037590012,"EUROSTATcensus"
1991,"France","m","2b","From 35 to 39 years",943170,0.442539786211576,"EUROSTATcensus"
1991,"France","m","2b","From 40 to 44 years",894287,0.404835003458553,"EUROSTATcensus"
1991,"France","m","2b","From 45 to 49 years",564261,0.375636339186511,"EUROSTATcensus"
1991,"France","m","2b","From 50 to 54 years",472197,0.329256761939294,"EUROSTATcensus"
1991,"France","m","2b","From 55 to 59 years",397669,0.271261440151051,"EUROSTATcensus"
1991,"France","m","2b","From 60 to 64 years",285080,0.205201440469772,"EUROSTATcensus"
1991,"France","m","2b","From 65 to 69 years",197289,0.161253515612548,"EUROSTATcensus"
1991,"France","m","3","From 25 to 29 years",342719,0.166862797891033,"EUROSTATcensus"
1991,"France","m","3","From 30 to 34 years",367860,0.17388287367612,"EUROSTATcensus"
1991,"France","m","3","From 35 to 39 years",363322,0.170472385896458,"EUROSTATcensus"
1991,"France","m","3","From 40 to 44 years",374018,0.16931430102815,"EUROSTATcensus"
1991,"France","m","3","From 45 to 49 years",223392,0.148715139064286,"EUROSTATcensus"
1991,"France","m","3","From 50 to 54 years",150756,0.105120177389776,"EUROSTATcensus"
1991,"France","m","3","From 55 to 59 years",115934,0.0790819093328167,"EUROSTATcensus"
1991,"France","m","3","From 60 to 64 years",103326,0.0743743652237256,"EUROSTATcensus"
1991,"France","m","3","From 65 to 69 years",87020,0.0711255109438638,"EUROSTATcensus"
1991,"Greece","f","1","From 25 to 29 years",103875,0.2867051608309,"EUROSTATcensus"
1991,"Greece","f","1","From 30 to 34 years",148266,0.403201331440599,"EUROSTATcensus"
1991,"Greece","f","1","From 35 to 39 years",163947,0.483331466205978,"EUROSTATcensus"
1991,"Greece","f","1","From 40 to 44 years",206298,0.61256012827365,"EUROSTATcensus"
1991,"Greece","f","1","From 45 to 49 years",196151,0.697145680135626,"EUROSTATcensus"
1991,"Greece","f","1","From 50 to 54 years",259957,0.76899661881336,"EUROSTATcensus"
1991,"Greece","f","1","From 55 to 59 years",272747,0.819944023737302,"EUROSTATcensus"
1991,"Greece","f","1","From 60 to 64 years",286934,0.853051177005726,"EUROSTATcensus"
1991,"Greece","f","1","From 65 to 69 years",212282,0.871061324141893,"EUROSTATcensus"
1991,"Greece","f","2a","From 25 to 29 years",41301,0.113994799975711,"EUROSTATcensus"
1991,"Greece","f","2a","From 30 to 34 years",30008,0.0816051256111954,"EUROSTATcensus"
1991,"Greece","f","2a","From 35 to 39 years",26185,0.0771958891751817,"EUROSTATcensus"
1991,"Greece","f","2a","From 40 to 44 years",18903,0.05612862996615,"EUROSTATcensus"
1991,"Greece","f","2a","From 45 to 49 years",13242,0.0470637574947665,"EUROSTATcensus"
1991,"Greece","f","2a","From 50 to 54 years",13443,0.0397666596656678,"EUROSTATcensus"
1991,"Greece","f","2a","From 55 to 59 years",11197,0.0336609137177919,"EUROSTATcensus"
1991,"Greece","f","2a","From 60 to 64 years",9793,0.0291144659622668,"EUROSTATcensus"
1991,"Greece","f","2a","From 65 to 69 years",6978,0.0286329783960116,"EUROSTATcensus"
1991,"Greece","f","2b","From 25 to 29 years",143716,0.396670217992526,"EUROSTATcensus"
1991,"Greece","f","2b","From 30 to 34 years",128954,0.350683396696417,"EUROSTATcensus"
1991,"Greece","f","2b","From 35 to 39 years",101020,0.297816640232074,"EUROSTATcensus"
1991,"Greece","f","2b","From 40 to 44 years",76097,0.225954629134747,"EUROSTATcensus"
1991,"Greece","f","2b","From 45 to 49 years",52027,0.184910595920572,"EUROSTATcensus"
1991,"Greece","f","2b","From 50 to 54 years",49313,0.145876165148633,"EUROSTATcensus"
1991,"Greece","f","2b","From 55 to 59 years",38929,0.117030071458419,"EUROSTATcensus"
1991,"Greece","f","2b","From 60 to 64 years",32472,0.0965388480268282,"EUROSTATcensus"
1991,"Greece","f","2b","From 65 to 69 years",19656,0.0806548901335631,"EUROSTATcensus"
1991,"Greece","f","3","From 25 to 29 years",73414,0.202629821200863,"EUROSTATcensus"
1991,"Greece","f","3","From 30 to 34 years",60494,0.164510146251788,"EUROSTATcensus"
1991,"Greece","f","3","From 35 to 39 years",48050,0.141656004386767,"EUROSTATcensus"
1991,"Greece","f","3","From 40 to 44 years",35482,0.105356612625453,"EUROSTATcensus"
1991,"Greece","f","3","From 45 to 49 years",19943,0.0708799664490356,"EUROSTATcensus"
1991,"Greece","f","3","From 50 to 54 years",15334,0.0453605563723388,"EUROSTATcensus"
1991,"Greece","f","3","From 55 to 59 years",9768,0.0293649910864866,"EUROSTATcensus"
1991,"Greece","f","3","From 60 to 64 years",7163,0.0212955090051789,"EUROSTATcensus"
1991,"Greece","f","3","From 65 to 69 years",4789,0.0196508073285324,"EUROSTATcensus"
1991,"Greece","m","1","From 25 to 29 years",92789,0.266865881121315,"EUROSTATcensus"
1991,"Greece","m","1","From 30 to 34 years",125137,0.347772800035573,"EUROSTATcensus"
1991,"Greece","m","1","From 35 to 39 years",143442,0.420024069643845,"EUROSTATcensus"
1991,"Greece","m","1","From 40 to 44 years",172434,0.513089534918321,"EUROSTATcensus"
1991,"Greece","m","1","From 45 to 49 years",163247,0.586500012574504,"EUROSTATcensus"
1991,"Greece","m","1","From 50 to 54 years",206735,0.647958352138809,"EUROSTATcensus"
1991,"Greece","m","1","From 55 to 59 years",225273,0.698590247714502,"EUROSTATcensus"
1991,"Greece","m","1","From 60 to 64 years",233982,0.758689117810138,"EUROSTATcensus"
1991,"Greece","m","1","From 65 to 69 years",163528,0.778330422035116,"EUROSTATcensus"
1991,"Greece","m","2a","From 25 to 29 years",42150,0.121225542782694,"EUROSTATcensus"
1991,"Greece","m","2a","From 30 to 34 years",32932,0.0915225221219263,"EUROSTATcensus"
1991,"Greece","m","2a","From 35 to 39 years",31945,0.0935407265987134,"EUROSTATcensus"
1991,"Greece","m","2a","From 40 to 44 years",25858,0.0769423036867319,"EUROSTATcensus"
1991,"Greece","m","2a","From 45 to 49 years",18766,0.0674208973884552,"EUROSTATcensus"
1991,"Greece","m","2a","From 50 to 54 years",18852,0.0590868060779299,"EUROSTATcensus"
1991,"Greece","m","2a","From 55 to 59 years",17467,0.0541666149819517,"EUROSTATcensus"
1991,"Greece","m","2a","From 60 to 64 years",13960,0.045265448131179,"EUROSTATcensus"
1991,"Greece","m","2a","From 65 to 69 years",9201,0.0437932232592896,"EUROSTATcensus"
1991,"Greece","m","2b","From 25 to 29 years",151281,0.435091846683482,"EUROSTATcensus"
1991,"Greece","m","2b","From 30 to 34 years",126091,0.350424096224821,"EUROSTATcensus"
1991,"Greece","m","2b","From 35 to 39 years",98351,0.287989481975585,"EUROSTATcensus"
1991,"Greece","m","2b","From 40 to 44 years",80737,0.240238640759366,"EUROSTATcensus"
1991,"Greece","m","2b","From 45 to 49 years",57971,0.208273305046687,"EUROSTATcensus"
1991,"Greece","m","2b","From 50 to 54 years",58109,0.18212790231182,"EUROSTATcensus"
1991,"Greece","m","2b","From 55 to 59 years",51440,0.159519704280735,"EUROSTATcensus"
1991,"Greece","m","2b","From 60 to 64 years",40122,0.130096010739195,"EUROSTATcensus"
1991,"Greece","m","2b","From 65 to 69 years",23699,0.112798130422987,"EUROSTATcensus"
1991,"Greece","m","3","From 25 to 29 years",61479,0.176816729412509,"EUROSTATcensus"
1991,"Greece","m","3","From 30 to 34 years",75664,0.21028058161768,"EUROSTATcensus"
1991,"Greece","m","3","From 35 to 39 years",67771,0.198445721781856,"EUROSTATcensus"
1991,"Greece","m","3","From 40 to 44 years",57041,0.169729520635582,"EUROSTATcensus"
1991,"Greece","m","3","From 45 to 49 years",38357,0.137805784990354,"EUROSTATcensus"
1991,"Greece","m","3","From 50 to 54 years",35360,0.110826939471441,"EUROSTATcensus"
1991,"Greece","m","3","From 55 to 59 years",28288,0.0877234330228116,"EUROSTATcensus"
1991,"Greece","m","3","From 60 to 64 years",20339,0.0659494233194878,"EUROSTATcensus"
1991,"Greece","m","3","From 65 to 69 years",13673,0.0650782242826069,"EUROSTATcensus"
1991,"Ireland","f","1","From 25 to 29 years",11531,0.0949233188175539,"EUROSTATcensus"
1991,"Ireland","f","1","From 30 to 34 years",17401,0.141691569836087,"EUROSTATcensus"
1991,"Ireland","f","1","From 35 to 39 years",27142,0.233451455308608,"EUROSTATcensus"
1991,"Ireland","f","1","From 40 to 44 years",36751,0.338301084375058,"EUROSTATcensus"
1991,"Ireland","f","1","From 45 to 49 years",34432,0.384556105297251,"EUROSTATcensus"
1991,"Ireland","f","1","From 50 to 54 years",32987,0.443510762735792,"EUROSTATcensus"
1991,"Ireland","f","1","From 55 to 59 years",34763,0.507104096160579,"EUROSTATcensus"
1991,"Ireland","f","1","From 60 to 64 years",37684,0.566250939143501,"EUROSTATcensus"
1991,"Ireland","f","1","From 65 to 69 years",41186,0.615883839516696,"EUROSTATcensus"
1991,"Ireland","f","2a","From 25 to 29 years",30256,0.24906772475448,"EUROSTATcensus"
1991,"Ireland","f","2a","From 30 to 34 years",32358,0.263482318071151,"EUROSTATcensus"
1991,"Ireland","f","2a","From 35 to 39 years",30756,0.264535883850547,"EUROSTATcensus"
1991,"Ireland","f","2a","From 40 to 44 years",26667,0.24547563377948,"EUROSTATcensus"
1991,"Ireland","f","2a","From 45 to 49 years",19928,0.222567206853033,"EUROSTATcensus"
1991,"Ireland","f","2a","From 50 to 54 years",14393,0.193514123989943,"EUROSTATcensus"
1991,"Ireland","f","2a","From 55 to 59 years",11695,0.170600420119034,"EUROSTATcensus"
1991,"Ireland","f","2a","From 60 to 64 years",9795,0.147182569496619,"EUROSTATcensus"
1991,"Ireland","f","2a","From 65 to 69 years",8929,0.133521750183183,"EUROSTATcensus"
1991,"Ireland","f","2b","From 25 to 29 years",52028,0.428295068202211,"EUROSTATcensus"
1991,"Ireland","f","2b","From 30 to 34 years",48063,0.391363825126823,"EUROSTATcensus"
1991,"Ireland","f","2b","From 35 to 39 years",37031,0.318507878621069,"EUROSTATcensus"
1991,"Ireland","f","2b","From 40 to 44 years",28501,0.262358009462967,"EUROSTATcensus"
1991,"Ireland","f","2b","From 45 to 49 years",22581,0.252197415593554,"EUROSTATcensus"
1991,"Ireland","f","2b","From 50 to 54 years",17404,0.23399706898638,"EUROSTATcensus"
1991,"Ireland","f","2b","From 55 to 59 years",14691,0.21430446959972,"EUROSTATcensus"
1991,"Ireland","f","2b","From 60 to 64 years",13029,0.195777610818933,"EUROSTATcensus"
1991,"Ireland","f","2b","From 65 to 69 years",11566,0.172954705187445,"EUROSTATcensus"
1991,"Ireland","f","3","From 25 to 29 years",27662,0.227713888225755,"EUROSTATcensus"
1991,"Ireland","f","3","From 30 to 34 years",24987,0.203462286965939,"EUROSTATcensus"
1991,"Ireland","f","3","From 35 to 39 years",21335,0.183504782219776,"EUROSTATcensus"
1991,"Ireland","f","3","From 40 to 44 years",16715,0.153865272382495,"EUROSTATcensus"
1991,"Ireland","f","3","From 45 to 49 years",12596,0.140679272256162,"EUROSTATcensus"
1991,"Ireland","f","3","From 50 to 54 years",9593,0.128978044287885,"EUROSTATcensus"
1991,"Ireland","f","3","From 55 to 59 years",7403,0.107991014120668,"EUROSTATcensus"
1991,"Ireland","f","3","From 60 to 64 years",6042,0.0907888805409467,"EUROSTATcensus"
1991,"Ireland","f","3","From 65 to 69 years",5192,0.0776397051126763,"EUROSTATcensus"
1991,"Ireland","m","1","From 25 to 29 years",12563,0.108694335574186,"EUROSTATcensus"
1991,"Ireland","m","1","From 30 to 34 years",17336,0.144914694597464,"EUROSTATcensus"
1991,"Ireland","m","1","From 35 to 39 years",28581,0.246715467085614,"EUROSTATcensus"
1991,"Ireland","m","1","From 40 to 44 years",43360,0.390753841301311,"EUROSTATcensus"
1991,"Ireland","m","1","From 45 to 49 years",42466,0.456196891080387,"EUROSTATcensus"
1991,"Ireland","m","1","From 50 to 54 years",40799,0.525333814042723,"EUROSTATcensus"
1991,"Ireland","m","1","From 55 to 59 years",40799,0.584839666862574,"EUROSTATcensus"
1991,"Ireland","m","1","From 60 to 64 years",41263,0.649749629956225,"EUROSTATcensus"
1991,"Ireland","m","1","From 65 to 69 years",40552,0.68957777135375,"EUROSTATcensus"
1991,"Ireland","m","2a","From 25 to 29 years",38534,0.333393896920774,"EUROSTATcensus"
1991,"Ireland","m","2a","From 30 to 34 years",37427,0.312858922167702,"EUROSTATcensus"
1991,"Ireland","m","2a","From 35 to 39 years",30403,0.262443243616525,"EUROSTATcensus"
1991,"Ireland","m","2a","From 40 to 44 years",21322,0.192150678141756,"EUROSTATcensus"
1991,"Ireland","m","2a","From 45 to 49 years",14816,0.159162933599751,"EUROSTATcensus"
1991,"Ireland","m","2a","From 50 to 54 years",10299,0.132611410839138,"EUROSTATcensus"
1991,"Ireland","m","2a","From 55 to 59 years",8127,0.116497756626195,"EUROSTATcensus"
1991,"Ireland","m","2a","From 60 to 64 years",6378,0.100431455295563,"EUROSTATcensus"
1991,"Ireland","m","2a","From 65 to 69 years",5337,0.0907545020150662,"EUROSTATcensus"
1991,"Ireland","m","2b","From 25 to 29 years",41378,0.358000017303882,"EUROSTATcensus"
1991,"Ireland","m","2b","From 30 to 34 years",40908,0.341957217731487,"EUROSTATcensus"
1991,"Ireland","m","2b","From 35 to 39 years",34252,0.295668387341816,"EUROSTATcensus"
1991,"Ireland","m","2b","From 40 to 44 years",27142,0.244599648537827,"EUROSTATcensus"
1991,"Ireland","m","2b","From 45 to 49 years",21149,0.227196063897214,"EUROSTATcensus"
1991,"Ireland","m","2b","From 50 to 54 years",16214,0.208773804771899,"EUROSTATcensus"
1991,"Ireland","m","2b","From 55 to 59 years",12710,0.182193489198836,"EUROSTATcensus"
1991,"Ireland","m","2b","From 60 to 64 years",9595,0.151088086165087,"EUROSTATcensus"
1991,"Ireland","m","2b","From 65 to 69 years",8023,0.136429336643597,"EUROSTATcensus"
1991,"Ireland","m","3","From 25 to 29 years",23106,0.199911750201158,"EUROSTATcensus"
1991,"Ireland","m","3","From 30 to 34 years",23958,0.200269165503348,"EUROSTATcensus"
1991,"Ireland","m","3","From 35 to 39 years",22610,0.195172901956045,"EUROSTATcensus"
1991,"Ireland","m","3","From 40 to 44 years",19141,0.172495832019105,"EUROSTATcensus"
1991,"Ireland","m","3","From 45 to 49 years",14656,0.157444111422648,"EUROSTATcensus"
1991,"Ireland","m","3","From 50 to 54 years",10351,0.13328097034624,"EUROSTATcensus"
1991,"Ireland","m","3","From 55 to 59 years",8125,0.116469087312395,"EUROSTATcensus"
1991,"Ireland","m","3","From 60 to 64 years",6270,0.098730828583126,"EUROSTATcensus"
1991,"Ireland","m","3","From 65 to 69 years",4895,0.0832383899875865,"EUROSTATcensus"
1991,"Italy","f","1","From 25 to 29 years",249579,0.114721115977363,"EUROSTATcensus"
1991,"Italy","f","1","From 30 to 34 years",363410,0.179710838678603,"EUROSTATcensus"
1991,"Italy","f","1","From 35 to 39 years",567908,0.298927266793696,"EUROSTATcensus"
1991,"Italy","f","1","From 40 to 44 years",900030,0.456115083121669,"EUROSTATcensus"
1991,"Italy","f","1","From 45 to 49 years",1003586,0.577796661790216,"EUROSTATcensus"
1991,"Italy","f","1","From 50 to 54 years",1265531,0.678435396359001,"EUROSTATcensus"
1991,"Italy","f","1","From 55 to 59 years",1338072,0.764932094492042,"EUROSTATcensus"
1991,"Italy","f","1","From 60 to 64 years",1361194,0.781087858425767,"EUROSTATcensus"
1991,"Italy","f","1","From 65 to 69 years",1346555,0.811822278170258,"EUROSTATcensus"
1991,"Italy","f","2a","From 25 to 29 years",961227,0.441836188732115,"EUROSTATcensus"
1991,"Italy","f","2a","From 30 to 34 years",793042,0.392169293435394,"EUROSTATcensus"
1991,"Italy","f","2a","From 35 to 39 years",643600,0.338768936004464,"EUROSTATcensus"
1991,"Italy","f","2a","From 40 to 44 years",539220,0.273264641312919,"EUROSTATcensus"
1991,"Italy","f","2a","From 45 to 49 years",404298,0.232767331119068,"EUROSTATcensus"
1991,"Italy","f","2a","From 50 to 54 years",344157,0.184498278354876,"EUROSTATcensus"
1991,"Italy","f","2a","From 55 to 59 years",245641,0.140424943219139,"EUROSTATcensus"
1991,"Italy","f","2a","From 60 to 64 years",228972,0.131389977563422,"EUROSTATcensus"
1991,"Italy","f","2a","From 65 to 69 years",178350,0.107525131399509,"EUROSTATcensus"
1991,"Italy","f","2b","From 25 to 29 years",837168,0.384811411298774,"EUROSTATcensus"
1991,"Italy","f","2b","From 30 to 34 years",707284,0.349760878412694,"EUROSTATcensus"
1991,"Italy","f","2b","From 35 to 39 years",525676,0.27669779242244,"EUROSTATcensus"
1991,"Italy","f","2b","From 40 to 44 years",391555,0.198431320480101,"EUROSTATcensus"
1991,"Italy","f","2b","From 45 to 49 years",249531,0.1436630032834,"EUROSTATcensus"
1991,"Italy","f","2b","From 50 to 54 years",205818,0.110336464620635,"EUROSTATcensus"
1991,"Italy","f","2b","From 55 to 59 years",133249,0.0761741047260313,"EUROSTATcensus"
1991,"Italy","f","2b","From 60 to 64 years",121391,0.0696572540153441,"EUROSTATcensus"
1991,"Italy","f","2b","From 65 to 69 years",105584,0.0636553600991631,"EUROSTATcensus"
1991,"Italy","f","3","From 25 to 29 years",127554,0.0586312839917482,"EUROSTATcensus"
1991,"Italy","f","3","From 30 to 34 years",158457,0.0783589894733094,"EUROSTATcensus"
1991,"Italy","f","3","From 35 to 39 years",162636,0.0856060047794002,"EUROSTATcensus"
1991,"Italy","f","3","From 40 to 44 years",142447,0.072188955085311,"EUROSTATcensus"
1991,"Italy","f","3","From 45 to 49 years",79504,0.0457730038073163,"EUROSTATcensus"
1991,"Italy","f","3","From 50 to 54 years",49861,0.0267298606654883,"EUROSTATcensus"
1991,"Italy","f","3","From 55 to 59 years",32307,0.0184688575627877,"EUROSTATcensus"
1991,"Italy","f","3","From 60 to 64 years",31133,0.0178649099954668,"EUROSTATcensus"
1991,"Italy","f","3","From 65 to 69 years",28193,0.0169972303310701,"EUROSTATcensus"
1991,"Italy","m","1","From 25 to 29 years",231266,0.105357436535932,"EUROSTATcensus"
1991,"Italy","m","1","From 30 to 34 years",273988,0.134329770496851,"EUROSTATcensus"
1991,"Italy","m","1","From 35 to 39 years",396267,0.209282502092735,"EUROSTATcensus"
1991,"Italy","m","1","From 40 to 44 years",618104,0.31687777189357,"EUROSTATcensus"
1991,"Italy","m","1","From 45 to 49 years",736956,0.433886370326759,"EUROSTATcensus"
1991,"Italy","m","1","From 50 to 54 years",966727,0.541447254193621,"EUROSTATcensus"
1991,"Italy","m","1","From 55 to 59 years",1070445,0.660251321649893,"EUROSTATcensus"
1991,"Italy","m","1","From 60 to 64 years",1067135,0.690101051123099,"EUROSTATcensus"
1991,"Italy","m","1","From 65 to 69 years",959464,0.716584225891955,"EUROSTATcensus"
1991,"Italy","m","2a","From 25 to 29 years",1137779,0.518335936905626,"EUROSTATcensus"
1991,"Italy","m","2a","From 30 to 34 years",919796,0.450954003766301,"EUROSTATcensus"
1991,"Italy","m","2a","From 35 to 39 years",754815,0.398644277260352,"EUROSTATcensus"
1991,"Italy","m","2a","From 40 to 44 years",677813,0.347488243403207,"EUROSTATcensus"
1991,"Italy","m","2a","From 45 to 49 years",512138,0.301523697380041,"EUROSTATcensus"
1991,"Italy","m","2a","From 50 to 54 years",457119,0.256024531630681,"EUROSTATcensus"
1991,"Italy","m","2a","From 55 to 59 years",317477,0.195820064406338,"EUROSTATcensus"
1991,"Italy","m","2a","From 60 to 64 years",275849,0.178387631228716,"EUROSTATcensus"
1991,"Italy","m","2a","From 65 to 69 years",204265,0.152557132838564,"EUROSTATcensus"
1991,"Italy","m","2b","From 25 to 29 years",720817,0.328381306943178,"EUROSTATcensus"
1991,"Italy","m","2b","From 30 to 34 years",671740,0.329338073322753,"EUROSTATcensus"
1991,"Italy","m","2b","From 35 to 39 years",555256,0.293250169663393,"EUROSTATcensus"
1991,"Italy","m","2b","From 40 to 44 years",477626,0.244860189674291,"EUROSTATcensus"
1991,"Italy","m","2b","From 45 to 49 years",326313,0.19211833971151,"EUROSTATcensus"
1991,"Italy","m","2b","From 50 to 54 years",260380,0.145834383488756,"EUROSTATcensus"
1991,"Italy","m","2b","From 55 to 59 years",162263,0.100083946587519,"EUROSTATcensus"
1991,"Italy","m","2b","From 60 to 64 years",135609,0.087696414644588,"EUROSTATcensus"
1991,"Italy","m","2b","From 65 to 69 years",110299,0.0823777896113421,"EUROSTATcensus"
1991,"Italy","m","3","From 25 to 29 years",105199,0.0479253196152635,"EUROSTATcensus"
1991,"Italy","m","3","From 30 to 34 years",174143,0.085378152414095,"EUROSTATcensus"
1991,"Italy","m","3","From 35 to 39 years",187117,0.0988230509835195,"EUROSTATcensus"
1991,"Italy","m","3","From 40 to 44 years",177064,0.090773795028932,"EUROSTATcensus"
1991,"Italy","m","3","From 45 to 49 years",123093,0.0724715925816897,"EUROSTATcensus"
1991,"Italy","m","3","From 50 to 54 years",101224,0.0566938306869417,"EUROSTATcensus"
1991,"Italy","m","3","From 55 to 59 years",71084,0.04384466735625,"EUROSTATcensus"
1991,"Italy","m","3","From 60 to 64 years",67753,0.0438149030035969,"EUROSTATcensus"
1991,"Italy","m","3","From 65 to 69 years",64913,0.0484808516581388,"EUROSTATcensus"
1991,"Liechtenstein","f","1","From 25 to 29 years",9,0.00707547169811321,"EUROSTATcensus"
1991,"Liechtenstein","f","1","From 30 to 34 years",4,0.00326797385620915,"EUROSTATcensus"
1991,"Liechtenstein","f","1","From 35 to 39 years",8,0.00706713780918728,"EUROSTATcensus"
1991,"Liechtenstein","f","1","From 40 to 44 years",8,0.00746965452847806,"EUROSTATcensus"
1991,"Liechtenstein","f","1","From 45 to 49 years",7,0.00740740740740741,"EUROSTATcensus"
1991,"Liechtenstein","f","1","From 50 to 54 years",5,0.00733137829912024,"EUROSTATcensus"
1991,"Liechtenstein","f","1","From 55 to 59 years",8,0.0135593220338983,"EUROSTATcensus"
1991,"Liechtenstein","f","1","From 60 to 64 years",6,0.0109289617486339,"EUROSTATcensus"
1991,"Liechtenstein","f","1","From 65 to 69 years",8,0.0136054421768707,"EUROSTATcensus"
1991,"Liechtenstein","f","2a","From 25 to 29 years",375,0.294811320754717,"EUROSTATcensus"
1991,"Liechtenstein","f","2a","From 30 to 34 years",454,0.370915032679739,"EUROSTATcensus"
1991,"Liechtenstein","f","2a","From 35 to 39 years",549,0.484982332155477,"EUROSTATcensus"
1991,"Liechtenstein","f","2a","From 40 to 44 years",547,0.510737628384687,"EUROSTATcensus"
1991,"Liechtenstein","f","2a","From 45 to 49 years",515,0.544973544973545,"EUROSTATcensus"
1991,"Liechtenstein","f","2a","From 50 to 54 years",414,0.607038123167155,"EUROSTATcensus"
1991,"Liechtenstein","f","2a","From 55 to 59 years",410,0.694915254237288,"EUROSTATcensus"
1991,"Liechtenstein","f","2a","From 60 to 64 years",376,0.68488160291439,"EUROSTATcensus"
1991,"Liechtenstein","f","2a","From 65 to 69 years",448,0.761904761904762,"EUROSTATcensus"
1991,"Liechtenstein","f","2b","From 25 to 29 years",871,0.684748427672956,"EUROSTATcensus"
1991,"Liechtenstein","f","2b","From 30 to 34 years",742,0.606209150326797,"EUROSTATcensus"
1991,"Liechtenstein","f","2b","From 35 to 39 years",553,0.488515901060071,"EUROSTATcensus"
1991,"Liechtenstein","f","2b","From 40 to 44 years",497,0.464052287581699,"EUROSTATcensus"
1991,"Liechtenstein","f","2b","From 45 to 49 years",409,0.432804232804233,"EUROSTATcensus"
1991,"Liechtenstein","f","2b","From 50 to 54 years",246,0.360703812316716,"EUROSTATcensus"
1991,"Liechtenstein","f","2b","From 55 to 59 years",163,0.276271186440678,"EUROSTATcensus"
1991,"Liechtenstein","f","2b","From 60 to 64 years",149,0.271402550091075,"EUROSTATcensus"
1991,"Liechtenstein","f","2b","From 65 to 69 years",109,0.185374149659864,"EUROSTATcensus"
1991,"Liechtenstein","f","3","From 25 to 29 years",17,0.0133647798742138,"EUROSTATcensus"
1991,"Liechtenstein","f","3","From 30 to 34 years",24,0.0196078431372549,"EUROSTATcensus"
1991,"Liechtenstein","f","3","From 35 to 39 years",22,0.019434628975265,"EUROSTATcensus"
1991,"Liechtenstein","f","3","From 40 to 44 years",19,0.0177404295051354,"EUROSTATcensus"
1991,"Liechtenstein","f","3","From 45 to 49 years",14,0.0148148148148148,"EUROSTATcensus"
1991,"Liechtenstein","f","3","From 50 to 54 years",17,0.0249266862170088,"EUROSTATcensus"
1991,"Liechtenstein","f","3","From 55 to 59 years",9,0.0152542372881356,"EUROSTATcensus"
1991,"Liechtenstein","f","3","From 60 to 64 years",18,0.0327868852459016,"EUROSTATcensus"
1991,"Liechtenstein","f","3","From 65 to 69 years",23,0.0391156462585034,"EUROSTATcensus"
1991,"Liechtenstein","m","1","From 25 to 29 years",10,0.00738007380073801,"EUROSTATcensus"
1991,"Liechtenstein","m","1","From 30 to 34 years",6,0.00447093889716841,"EUROSTATcensus"
1991,"Liechtenstein","m","1","From 35 to 39 years",6,0.00477326968973747,"EUROSTATcensus"
1991,"Liechtenstein","m","1","From 40 to 44 years",6,0.0046801872074883,"EUROSTATcensus"
1991,"Liechtenstein","m","1","From 45 to 49 years",5,0.00465116279069767,"EUROSTATcensus"
1991,"Liechtenstein","m","1","From 50 to 54 years",3,0.00388098318240621,"EUROSTATcensus"
1991,"Liechtenstein","m","1","From 55 to 59 years",7,0.0123456790123457,"EUROSTATcensus"
1991,"Liechtenstein","m","1","From 60 to 64 years",3,0.00649350649350649,"EUROSTATcensus"
1991,"Liechtenstein","m","1","From 65 to 69 years",1,0.00222222222222222,"EUROSTATcensus"
1991,"Liechtenstein","m","2a","From 25 to 29 years",296,0.218450184501845,"EUROSTATcensus"
1991,"Liechtenstein","m","2a","From 30 to 34 years",256,0.190760059612519,"EUROSTATcensus"
1991,"Liechtenstein","m","2a","From 35 to 39 years",271,0.215592680986476,"EUROSTATcensus"
1991,"Liechtenstein","m","2a","From 40 to 44 years",247,0.192667706708268,"EUROSTATcensus"
1991,"Liechtenstein","m","2a","From 45 to 49 years",202,0.187906976744186,"EUROSTATcensus"
1991,"Liechtenstein","m","2a","From 50 to 54 years",162,0.209573091849935,"EUROSTATcensus"
1991,"Liechtenstein","m","2a","From 55 to 59 years",147,0.259259259259259,"EUROSTATcensus"
1991,"Liechtenstein","m","2a","From 60 to 64 years",136,0.294372294372294,"EUROSTATcensus"
1991,"Liechtenstein","m","2a","From 65 to 69 years",176,0.391111111111111,"EUROSTATcensus"
1991,"Liechtenstein","m","2b","From 25 to 29 years",811,0.598523985239852,"EUROSTATcensus"
1991,"Liechtenstein","m","2b","From 30 to 34 years",744,0.554396423248882,"EUROSTATcensus"
1991,"Liechtenstein","m","2b","From 35 to 39 years",664,0.52824184566428,"EUROSTATcensus"
1991,"Liechtenstein","m","2b","From 40 to 44 years",726,0.566302652106084,"EUROSTATcensus"
1991,"Liechtenstein","m","2b","From 45 to 49 years",582,0.541395348837209,"EUROSTATcensus"
1991,"Liechtenstein","m","2b","From 50 to 54 years",419,0.542043984476067,"EUROSTATcensus"
1991,"Liechtenstein","m","2b","From 55 to 59 years",295,0.520282186948854,"EUROSTATcensus"
1991,"Liechtenstein","m","2b","From 60 to 64 years",225,0.487012987012987,"EUROSTATcensus"
1991,"Liechtenstein","m","2b","From 65 to 69 years",190,0.422222222222222,"EUROSTATcensus"
1991,"Liechtenstein","m","3","From 25 to 29 years",238,0.175645756457565,"EUROSTATcensus"
1991,"Liechtenstein","m","3","From 30 to 34 years",336,0.250372578241431,"EUROSTATcensus"
1991,"Liechtenstein","m","3","From 35 to 39 years",316,0.251392203659507,"EUROSTATcensus"
1991,"Liechtenstein","m","3","From 40 to 44 years",303,0.236349453978159,"EUROSTATcensus"
1991,"Liechtenstein","m","3","From 45 to 49 years",286,0.266046511627907,"EUROSTATcensus"
1991,"Liechtenstein","m","3","From 50 to 54 years",189,0.244501940491591,"EUROSTATcensus"
1991,"Liechtenstein","m","3","From 55 to 59 years",118,0.208112874779541,"EUROSTATcensus"
1991,"Liechtenstein","m","3","From 60 to 64 years",98,0.212121212121212,"EUROSTATcensus"
1991,"Liechtenstein","m","3","From 65 to 69 years",83,0.184444444444444,"EUROSTATcensus"
1991,"Luxembourg","f","1","From 25 to 29 years",3998,0.270482376023273,"EUROSTATcensus"
1991,"Luxembourg","f","1","From 30 to 34 years",4602,0.304647160068847,"EUROSTATcensus"
1991,"Luxembourg","f","1","From 35 to 39 years",4831,0.35216503863537,"EUROSTATcensus"
1991,"Luxembourg","f","1","From 40 to 44 years",4760,0.384739734885225,"EUROSTATcensus"
1991,"Luxembourg","f","1","From 45 to 49 years",4615,0.442855771998848,"EUROSTATcensus"
1991,"Luxembourg","f","1","From 50 to 54 years",5373,0.539566177947379,"EUROSTATcensus"
1991,"Luxembourg","f","1","From 55 to 59 years",6039,0.630112687813022,"EUROSTATcensus"
1991,"Luxembourg","f","1","From 60 to 64 years",6661,0.679001019367992,"EUROSTATcensus"
1991,"Luxembourg","f","1","From 65 to 69 years",5891,0.708734359961501,"EUROSTATcensus"
1991,"Luxembourg","f","2a","From 25 to 29 years",6744,0.45626141668358,"EUROSTATcensus"
1991,"Luxembourg","f","2a","From 30 to 34 years",6376,0.422083940156229,"EUROSTATcensus"
1991,"Luxembourg","f","2a","From 35 to 39 years",5244,0.382271468144044,"EUROSTATcensus"
1991,"Luxembourg","f","2a","From 40 to 44 years",4511,0.364613643711607,"EUROSTATcensus"
1991,"Luxembourg","f","2a","From 45 to 49 years",3585,0.344016888974187,"EUROSTATcensus"
1991,"Luxembourg","f","2a","From 50 to 54 years",3032,0.304478811006226,"EUROSTATcensus"
1991,"Luxembourg","f","2a","From 55 to 59 years",2461,0.256782136894825,"EUROSTATcensus"
1991,"Luxembourg","f","2a","From 60 to 64 years",2044,0.208358817533129,"EUROSTATcensus"
1991,"Luxembourg","f","2a","From 65 to 69 years",1545,0.185875842155919,"EUROSTATcensus"
1991,"Luxembourg","f","2b","From 25 to 29 years",1916,0.129625871050673,"EUROSTATcensus"
1991,"Luxembourg","f","2b","From 30 to 34 years",1877,0.12425526280948,"EUROSTATcensus"
1991,"Luxembourg","f","2b","From 35 to 39 years",1665,0.121373378043447,"EUROSTATcensus"
1991,"Luxembourg","f","2b","From 40 to 44 years",1480,0.119624959586162,"EUROSTATcensus"
1991,"Luxembourg","f","2b","From 45 to 49 years",1169,0.112177334228961,"EUROSTATcensus"
1991,"Luxembourg","f","2b","From 50 to 54 years",951,0.0955011046394858,"EUROSTATcensus"
1991,"Luxembourg","f","2b","From 55 to 59 years",743,0.077525041736227,"EUROSTATcensus"
1991,"Luxembourg","f","2b","From 60 to 64 years",799,0.08144750254842,"EUROSTATcensus"
1991,"Luxembourg","f","2b","From 65 to 69 years",660,0.0794032723772859,"EUROSTATcensus"
1991,"Luxembourg","f","3","From 25 to 29 years",2123,0.143630336242473,"EUROSTATcensus"
1991,"Luxembourg","f","3","From 30 to 34 years",2251,0.149013636965444,"EUROSTATcensus"
1991,"Luxembourg","f","3","From 35 to 39 years",1978,0.14419011517714,"EUROSTATcensus"
1991,"Luxembourg","f","3","From 40 to 44 years",1621,0.131021661817006,"EUROSTATcensus"
1991,"Luxembourg","f","3","From 45 to 49 years",1052,0.100950004798004,"EUROSTATcensus"
1991,"Luxembourg","f","3","From 50 to 54 years",602,0.060453906406909,"EUROSTATcensus"
1991,"Luxembourg","f","3","From 55 to 59 years",341,0.0355801335559265,"EUROSTATcensus"
1991,"Luxembourg","f","3","From 60 to 64 years",306,0.0311926605504587,"EUROSTATcensus"
1991,"Luxembourg","f","3","From 65 to 69 years",216,0.0259865255052935,"EUROSTATcensus"
1991,"Luxembourg","m","1","From 25 to 29 years",4059,0.27074439701174,"EUROSTATcensus"
1991,"Luxembourg","m","1","From 30 to 34 years",4277,0.27572202166065,"EUROSTATcensus"
1991,"Luxembourg","m","1","From 35 to 39 years",4187,0.287233312752967,"EUROSTATcensus"
1991,"Luxembourg","m","1","From 40 to 44 years",4573,0.333406240886556,"EUROSTATcensus"
1991,"Luxembourg","m","1","From 45 to 49 years",3817,0.331941907991999,"EUROSTATcensus"
1991,"Luxembourg","m","1","From 50 to 54 years",4221,0.397982274184424,"EUROSTATcensus"
1991,"Luxembourg","m","1","From 55 to 59 years",4438,0.457148743304491,"EUROSTATcensus"
1991,"Luxembourg","m","1","From 60 to 64 years",4613,0.491791044776119,"EUROSTATcensus"
1991,"Luxembourg","m","1","From 65 to 69 years",3167,0.534695255782543,"EUROSTATcensus"
1991,"Luxembourg","m","2a","From 25 to 29 years",7318,0.488127001067236,"EUROSTATcensus"
1991,"Luxembourg","m","2a","From 30 to 34 years",6859,0.442173800928314,"EUROSTATcensus"
1991,"Luxembourg","m","2a","From 35 to 39 years",6013,0.412499142484736,"EUROSTATcensus"
1991,"Luxembourg","m","2a","From 40 to 44 years",5039,0.367381160688247,"EUROSTATcensus"
1991,"Luxembourg","m","2a","From 45 to 49 years",4446,0.386642316723193,"EUROSTATcensus"
1991,"Luxembourg","m","2a","From 50 to 54 years",3915,0.369130680746747,"EUROSTATcensus"
1991,"Luxembourg","m","2a","From 55 to 59 years",3477,0.358158220024722,"EUROSTATcensus"
1991,"Luxembourg","m","2a","From 60 to 64 years",3073,0.327611940298507,"EUROSTATcensus"
1991,"Luxembourg","m","2a","From 65 to 69 years",1618,0.273172378862063,"EUROSTATcensus"
1991,"Luxembourg","m","2b","From 25 to 29 years",1283,0.0855789754535752,"EUROSTATcensus"
1991,"Luxembourg","m","2b","From 30 to 34 years",1503,0.0968927282104177,"EUROSTATcensus"
1991,"Luxembourg","m","2b","From 35 to 39 years",1559,0.106949303697606,"EUROSTATcensus"
1991,"Luxembourg","m","2b","From 40 to 44 years",1367,0.0996646252551764,"EUROSTATcensus"
1991,"Luxembourg","m","2b","From 45 to 49 years",1087,0.0945299591268806,"EUROSTATcensus"
1991,"Luxembourg","m","2b","From 50 to 54 years",988,0.0931548180275316,"EUROSTATcensus"
1991,"Luxembourg","m","2b","From 55 to 59 years",784,0.080758137618459,"EUROSTATcensus"
1991,"Luxembourg","m","2b","From 60 to 64 years",815,0.0868869936034115,"EUROSTATcensus"
1991,"Luxembourg","m","2b","From 65 to 69 years",598,0.100962350160392,"EUROSTATcensus"
1991,"Luxembourg","m","3","From 25 to 29 years",2332,0.155549626467449,"EUROSTATcensus"
1991,"Luxembourg","m","3","From 30 to 34 years",2873,0.185211449200619,"EUROSTATcensus"
1991,"Luxembourg","m","3","From 35 to 39 years",2818,0.193318241064691,"EUROSTATcensus"
1991,"Luxembourg","m","3","From 40 to 44 years",2737,0.19954797317002,"EUROSTATcensus"
1991,"Luxembourg","m","3","From 45 to 49 years",2149,0.186885816157927,"EUROSTATcensus"
1991,"Luxembourg","m","3","From 50 to 54 years",1482,0.139732227041297,"EUROSTATcensus"
1991,"Luxembourg","m","3","From 55 to 59 years",1009,0.103934899052328,"EUROSTATcensus"
1991,"Luxembourg","m","3","From 60 to 64 years",879,0.0937100213219616,"EUROSTATcensus"
1991,"Luxembourg","m","3","From 65 to 69 years",540,0.0911700151950025,"EUROSTATcensus"
1991,"Netherlands","f","1","From 25 to 29 years",55000,0.0867507886435331,"EUROSTATcensus"
1991,"Netherlands","f","1","From 30 to 34 years",66000,0.108910891089109,"EUROSTATcensus"
1991,"Netherlands","f","1","From 35 to 39 years",89000,0.156414762741652,"EUROSTATcensus"
1991,"Netherlands","f","1","From 40 to 44 years",110000,0.189982728842832,"EUROSTATcensus"
1991,"Netherlands","f","1","From 45 to 49 years",96000,0.206896551724138,"EUROSTATcensus"
1991,"Netherlands","f","1","From 50 to 54 years",101000,0.258312020460358,"EUROSTATcensus"
1991,"Netherlands","f","1","From 55 to 59 years",131000,0.35989010989011,"EUROSTATcensus"
1991,"Netherlands","f","1","From 60 to 64 years",154000,0.44,"EUROSTATcensus"
1991,"Netherlands","f","1","From 65 to 69 years",163000,0.488023952095808,"EUROSTATcensus"
1991,"Netherlands","f","2a","From 25 to 29 years",143000,0.225552050473186,"EUROSTATcensus"
1991,"Netherlands","f","2a","From 30 to 34 years",144000,0.237623762376238,"EUROSTATcensus"
1991,"Netherlands","f","2a","From 35 to 39 years",166000,0.291739894551845,"EUROSTATcensus"
1991,"Netherlands","f","2a","From 40 to 44 years",188000,0.324697754749568,"EUROSTATcensus"
1991,"Netherlands","f","2a","From 45 to 49 years",166000,0.357758620689655,"EUROSTATcensus"
1991,"Netherlands","f","2a","From 50 to 54 years",144000,0.368286445012788,"EUROSTATcensus"
1991,"Netherlands","f","2a","From 55 to 59 years",120000,0.32967032967033,"EUROSTATcensus"
1991,"Netherlands","f","2a","From 60 to 64 years",109000,0.311428571428571,"EUROSTATcensus"
1991,"Netherlands","f","2a","From 65 to 69 years",89000,0.266467065868263,"EUROSTATcensus"
1991,"Netherlands","f","2b","From 25 to 29 years",298000,0.470031545741325,"EUROSTATcensus"
1991,"Netherlands","f","2b","From 30 to 34 years",257000,0.424092409240924,"EUROSTATcensus"
1991,"Netherlands","f","2b","From 35 to 39 years",199000,0.349736379613357,"EUROSTATcensus"
1991,"Netherlands","f","2b","From 40 to 44 years",182000,0.31433506044905,"EUROSTATcensus"
1991,"Netherlands","f","2b","From 45 to 49 years",136000,0.293103448275862,"EUROSTATcensus"
1991,"Netherlands","f","2b","From 50 to 54 years",98000,0.250639386189258,"EUROSTATcensus"
1991,"Netherlands","f","2b","From 55 to 59 years",82000,0.225274725274725,"EUROSTATcensus"
1991,"Netherlands","f","2b","From 60 to 64 years",67000,0.191428571428571,"EUROSTATcensus"
1991,"Netherlands","f","2b","From 65 to 69 years",61000,0.182634730538922,"EUROSTATcensus"
1991,"Netherlands","f","3","From 25 to 29 years",138000,0.217665615141956,"EUROSTATcensus"
1991,"Netherlands","f","3","From 30 to 34 years",139000,0.229372937293729,"EUROSTATcensus"
1991,"Netherlands","f","3","From 35 to 39 years",115000,0.202108963093146,"EUROSTATcensus"
1991,"Netherlands","f","3","From 40 to 44 years",99000,0.170984455958549,"EUROSTATcensus"
1991,"Netherlands","f","3","From 45 to 49 years",66000,0.142241379310345,"EUROSTATcensus"
1991,"Netherlands","f","3","From 50 to 54 years",48000,0.122762148337596,"EUROSTATcensus"
1991,"Netherlands","f","3","From 55 to 59 years",31000,0.0851648351648352,"EUROSTATcensus"
1991,"Netherlands","f","3","From 60 to 64 years",20000,0.0571428571428571,"EUROSTATcensus"
1991,"Netherlands","f","3","From 65 to 69 years",21000,0.062874251497006,"EUROSTATcensus"
1991,"Netherlands","m","1","From 25 to 29 years",56000,0.0844645550527904,"EUROSTATcensus"
1991,"Netherlands","m","1","From 30 to 34 years",58000,0.0928,"EUROSTATcensus"
1991,"Netherlands","m","1","From 35 to 39 years",62000,0.106529209621993,"EUROSTATcensus"
1991,"Netherlands","m","1","From 40 to 44 years",83000,0.136963696369637,"EUROSTATcensus"
1991,"Netherlands","m","1","From 45 to 49 years",73000,0.150205761316872,"EUROSTATcensus"
1991,"Netherlands","m","1","From 50 to 54 years",87000,0.216417910447761,"EUROSTATcensus"
1991,"Netherlands","m","1","From 55 to 59 years",87000,0.240997229916898,"EUROSTATcensus"
1991,"Netherlands","m","1","From 60 to 64 years",83000,0.256965944272446,"EUROSTATcensus"
1991,"Netherlands","m","1","From 65 to 69 years",85000,0.304659498207885,"EUROSTATcensus"
1991,"Netherlands","m","2a","From 25 to 29 years",157000,0.236802413273001,"EUROSTATcensus"
1991,"Netherlands","m","2a","From 30 to 34 years",142000,0.2272,"EUROSTATcensus"
1991,"Netherlands","m","2a","From 35 to 39 years",117000,0.201030927835052,"EUROSTATcensus"
1991,"Netherlands","m","2a","From 40 to 44 years",136000,0.224422442244224,"EUROSTATcensus"
1991,"Netherlands","m","2a","From 45 to 49 years",110000,0.226337448559671,"EUROSTATcensus"
1991,"Netherlands","m","2a","From 50 to 54 years",99000,0.246268656716418,"EUROSTATcensus"
1991,"Netherlands","m","2a","From 55 to 59 years",84000,0.232686980609418,"EUROSTATcensus"
1991,"Netherlands","m","2a","From 60 to 64 years",72000,0.222910216718266,"EUROSTATcensus"
1991,"Netherlands","m","2a","From 65 to 69 years",62000,0.222222222222222,"EUROSTATcensus"
1991,"Netherlands","m","2b","From 25 to 29 years",318000,0.479638009049774,"EUROSTATcensus"
1991,"Netherlands","m","2b","From 30 to 34 years",264000,0.4224,"EUROSTATcensus"
1991,"Netherlands","m","2b","From 35 to 39 years",238000,0.40893470790378,"EUROSTATcensus"
1991,"Netherlands","m","2b","From 40 to 44 years",244000,0.402640264026403,"EUROSTATcensus"
1991,"Netherlands","m","2b","From 45 to 49 years",190000,0.390946502057613,"EUROSTATcensus"
1991,"Netherlands","m","2b","From 50 to 54 years",141000,0.350746268656716,"EUROSTATcensus"
1991,"Netherlands","m","2b","From 55 to 59 years",126000,0.349030470914127,"EUROSTATcensus"
1991,"Netherlands","m","2b","From 60 to 64 years",116000,0.359133126934985,"EUROSTATcensus"
1991,"Netherlands","m","2b","From 65 to 69 years",91000,0.326164874551971,"EUROSTATcensus"
1991,"Netherlands","m","3","From 25 to 29 years",132000,0.199095022624434,"EUROSTATcensus"
1991,"Netherlands","m","3","From 30 to 34 years",161000,0.2576,"EUROSTATcensus"
1991,"Netherlands","m","3","From 35 to 39 years",165000,0.283505154639175,"EUROSTATcensus"
1991,"Netherlands","m","3","From 40 to 44 years",143000,0.235973597359736,"EUROSTATcensus"
1991,"Netherlands","m","3","From 45 to 49 years",113000,0.232510288065844,"EUROSTATcensus"
1991,"Netherlands","m","3","From 50 to 54 years",75000,0.186567164179104,"EUROSTATcensus"
1991,"Netherlands","m","3","From 55 to 59 years",64000,0.177285318559557,"EUROSTATcensus"
1991,"Netherlands","m","3","From 60 to 64 years",52000,0.160990712074303,"EUROSTATcensus"
1991,"Netherlands","m","3","From 65 to 69 years",41000,0.146953405017921,"EUROSTATcensus"
1991,"Norway","f","1","From 35 to 39 years",226,0.0015670612055277,"EUROSTATcensus"
1991,"Norway","f","2a","From 25 to 29 years",15149,0.0991115356432534,"EUROSTATcensus"
1991,"Norway","f","2a","From 30 to 34 years",20828,0.139341959136706,"EUROSTATcensus"
1991,"Norway","f","2a","From 35 to 39 years",27328,0.189489595684341,"EUROSTATcensus"
1991,"Norway","f","2a","From 40 to 44 years",36874,0.249187373713483,"EUROSTATcensus"
1991,"Norway","f","2a","From 45 to 49 years",36095,0.297548389224124,"EUROSTATcensus"
1991,"Norway","f","2a","From 50 to 54 years",38300,0.395550827764983,"EUROSTATcensus"
1991,"Norway","f","2a","From 55 to 59 years",43336,0.47165868524162,"EUROSTATcensus"
1991,"Norway","f","2a","From 60 to 64 years",52065,0.526467465493705,"EUROSTATcensus"
1991,"Norway","f","2a","From 65 to 69 years",63094,0.576975483068594,"EUROSTATcensus"
1991,"Norway","f","2b","From 25 to 29 years",95946,0.627721658117869,"EUROSTATcensus"
1991,"Norway","f","2b","From 30 to 34 years",87307,0.584094892757269,"EUROSTATcensus"
1991,"Norway","f","2b","From 35 to 39 years",78919,0.547216386190446,"EUROSTATcensus"
1991,"Norway","f","2b","From 40 to 44 years",78774,0.532339485190266,"EUROSTATcensus"
1991,"Norway","f","2b","From 45 to 49 years",62093,0.511862366867808,"EUROSTATcensus"
1991,"Norway","f","2b","From 50 to 54 years",44123,0.455689012362254,"EUROSTATcensus"
1991,"Norway","f","2b","From 55 to 59 years",38667,0.420842403134523,"EUROSTATcensus"
1991,"Norway","f","2b","From 60 to 64 years",38682,0.39114212043076,"EUROSTATcensus"
1991,"Norway","f","2b","From 65 to 69 years",39049,0.357091254926705,"EUROSTATcensus"
1991,"Norway","f","3","From 25 to 29 years",41753,0.273166806238878,"EUROSTATcensus"
1991,"Norway","f","3","From 30 to 34 years",41339,0.276563148106025,"EUROSTATcensus"
1991,"Norway","f","3","From 35 to 39 years",37746,0.261726956919685,"EUROSTATcensus"
1991,"Norway","f","3","From 40 to 44 years",32329,0.218473141096251,"EUROSTATcensus"
1991,"Norway","f","3","From 45 to 49 years",23120,0.190589243908069,"EUROSTATcensus"
1991,"Norway","f","3","From 50 to 54 years",14404,0.148760159872763,"EUROSTATcensus"
1991,"Norway","f","3","From 55 to 59 years",9877,0.107498911623857,"EUROSTATcensus"
1991,"Norway","f","3","From 60 to 64 years",8148,0.0823904140755347,"EUROSTATcensus"
1991,"Norway","f","3","From 65 to 69 years",7210,0.0659332620047004,"EUROSTATcensus"
1991,"Norway","m","1","From 25 to 29 years",358,0.00222959885904327,"EUROSTATcensus"
1991,"Norway","m","1","From 30 to 34 years",321,0.00206287594468151,"EUROSTATcensus"
1991,"Norway","m","2a","From 25 to 29 years",20466,0.127460810751898,"EUROSTATcensus"
1991,"Norway","m","2a","From 30 to 34 years",23930,0.15378386715336,"EUROSTATcensus"
1991,"Norway","m","2a","From 35 to 39 years",26604,0.175276546121766,"EUROSTATcensus"
1991,"Norway","m","2a","From 40 to 44 years",34409,0.220279630744018,"EUROSTATcensus"
1991,"Norway","m","2a","From 45 to 49 years",32048,0.253919960701354,"EUROSTATcensus"
1991,"Norway","m","2a","From 50 to 54 years",31033,0.319447017890598,"EUROSTATcensus"
1991,"Norway","m","2a","From 55 to 59 years",35010,0.396583558943803,"EUROSTATcensus"
1991,"Norway","m","2a","From 60 to 64 years",39802,0.427918678034253,"EUROSTATcensus"
1991,"Norway","m","2a","From 65 to 69 years",44981,0.46835205797524,"EUROSTATcensus"
1991,"Norway","m","2b","From 25 to 29 years",106129,0.660963958970399,"EUROSTATcensus"
1991,"Norway","m","2b","From 30 to 34 years",92593,0.595040100766027,"EUROSTATcensus"
1991,"Norway","m","2b","From 35 to 39 years",82412,0.542959356449668,"EUROSTATcensus"
1991,"Norway","m","2b","From 40 to 44 years",79924,0.511657682803477,"EUROSTATcensus"
1991,"Norway","m","2b","From 45 to 49 years",61938,0.490741841173255,"EUROSTATcensus"
1991,"Norway","m","2b","From 50 to 54 years",45667,0.470086261915056,"EUROSTATcensus"
1991,"Norway","m","2b","From 55 to 59 years",38492,0.436026688113821,"EUROSTATcensus"
1991,"Norway","m","2b","From 60 to 64 years",39362,0.423188156494254,"EUROSTATcensus"
1991,"Norway","m","2b","From 65 to 69 years",38667,0.402609302277152,"EUROSTATcensus"
1991,"Norway","m","3","From 25 to 29 years",33614,0.20934563141866,"EUROSTATcensus"
1991,"Norway","m","3","From 30 to 34 years",38764,0.249113156135931,"EUROSTATcensus"
1991,"Norway","m","3","From 35 to 39 years",42767,0.281764097428566,"EUROSTATcensus"
1991,"Norway","m","3","From 40 to 44 years",41873,0.268062686452505,"EUROSTATcensus"
1991,"Norway","m","3","From 45 to 49 years",32227,0.255338198125391,"EUROSTATcensus"
1991,"Norway","m","3","From 50 to 54 years",20446,0.210466720194347,"EUROSTATcensus"
1991,"Norway","m","3","From 55 to 59 years",14777,0.167389752942376,"EUROSTATcensus"
1991,"Norway","m","3","From 60 to 64 years",13849,0.148893165471493,"EUROSTATcensus"
1991,"Norway","m","3","From 65 to 69 years",12393,0.129038639747608,"EUROSTATcensus"
1991,"Portugal","f","1","From 25 to 29 years",195922,0.533975449154021,"EUROSTATcensus"
1991,"Portugal","f","1","From 30 to 34 years",212705,0.601793171349999,"EUROSTATcensus"
1991,"Portugal","f","1","From 35 to 39 years",238819,0.704219080813621,"EUROSTATcensus"
1991,"Portugal","f","1","From 40 to 44 years",247876,0.758794015997747,"EUROSTATcensus"
1991,"Portugal","f","1","From 45 to 49 years",246808,0.828823867204422,"EUROSTATcensus"
1991,"Portugal","f","1","From 50 to 54 years",258963,0.882173796035442,"EUROSTATcensus"
1991,"Portugal","f","1","From 55 to 59 years",269424,0.902260473527343,"EUROSTATcensus"
1991,"Portugal","f","1","From 60 to 64 years",264631,0.918886354087454,"EUROSTATcensus"
1991,"Portugal","f","1","From 65 to 69 years",239250,0.927573653418938,"EUROSTATcensus"
1991,"Portugal","f","2a","From 25 to 29 years",58981,0.160749716553288,"EUROSTATcensus"
1991,"Portugal","f","2a","From 30 to 34 years",42990,0.121628962348494,"EUROSTATcensus"
1991,"Portugal","f","2a","From 35 to 39 years",30094,0.0887398783932816,"EUROSTATcensus"
1991,"Portugal","f","2a","From 40 to 44 years",25674,0.0785928349930052,"EUROSTATcensus"
1991,"Portugal","f","2a","From 45 to 49 years",15954,0.0535762859282493,"EUROSTATcensus"
1991,"Portugal","f","2a","From 50 to 54 years",10094,0.034385847774322,"EUROSTATcensus"
1991,"Portugal","f","2a","From 55 to 59 years",9025,0.0302233682729982,"EUROSTATcensus"
1991,"Portugal","f","2a","From 60 to 64 years",7332,0.0254591289311124,"EUROSTATcensus"
1991,"Portugal","f","2a","From 65 to 69 years",6171,0.0239250031985298,"EUROSTATcensus"
1991,"Portugal","f","2b","From 25 to 29 years",56232,0.153257456828885,"EUROSTATcensus"
1991,"Portugal","f","2b","From 30 to 34 years",52304,0.147980489571427,"EUROSTATcensus"
1991,"Portugal","f","2b","From 35 to 39 years",30587,0.0901936153524059,"EUROSTATcensus"
1991,"Portugal","f","2b","From 40 to 44 years",23554,0.0721031251626254,"EUROSTATcensus"
1991,"Portugal","f","2b","From 45 to 49 years",14519,0.0487573082231573,"EUROSTATcensus"
1991,"Portugal","f","2b","From 50 to 54 years",9908,0.0337522270406165,"EUROSTATcensus"
1991,"Portugal","f","2b","From 55 to 59 years",8753,0.0293124811627206,"EUROSTATcensus"
1991,"Portugal","f","2b","From 60 to 64 years",7480,0.025973033879531,"EUROSTATcensus"
1991,"Portugal","f","2b","From 65 to 69 years",6037,0.0234054844124979,"EUROSTATcensus"
1991,"Portugal","f","3","From 25 to 29 years",55777,0.152017377463806,"EUROSTATcensus"
1991,"Portugal","f","3","From 30 to 34 years",45453,0.128597376730079,"EUROSTATcensus"
1991,"Portugal","f","3","From 35 to 39 years",39626,0.116847425440692,"EUROSTATcensus"
1991,"Portugal","f","3","From 40 to 44 years",29567,0.0905100238466224,"EUROSTATcensus"
1991,"Portugal","f","3","From 45 to 49 years",20500,0.0688425386441714,"EUROSTATcensus"
1991,"Portugal","f","3","From 50 to 54 years",14586,0.0496881291496197,"EUROSTATcensus"
1991,"Portugal","f","3","From 55 to 59 years",11408,0.0382036770369378,"EUROSTATcensus"
1991,"Portugal","f","3","From 60 to 64 years",8548,0.0296814831019025,"EUROSTATcensus"
1991,"Portugal","f","3","From 65 to 69 years",6473,0.0250958589700346,"EUROSTATcensus"
1991,"Portugal","m","1","From 25 to 29 years",202065,0.562236536401452,"EUROSTATcensus"
1991,"Portugal","m","1","From 30 to 34 years",203538,0.59715356156868,"EUROSTATcensus"
1991,"Portugal","m","1","From 35 to 39 years",217582,0.676445259672631,"EUROSTATcensus"
1991,"Portugal","m","1","From 40 to 44 years",218668,0.711145511842777,"EUROSTATcensus"
1991,"Portugal","m","1","From 45 to 49 years",205704,0.757612811031394,"EUROSTATcensus"
1991,"Portugal","m","1","From 50 to 54 years",216124,0.814158225249287,"EUROSTATcensus"
1991,"Portugal","m","1","From 55 to 59 years",223755,0.850391456369717,"EUROSTATcensus"
1991,"Portugal","m","1","From 60 to 64 years",213033,0.869522448979592,"EUROSTATcensus"
1991,"Portugal","m","1","From 65 to 69 years",186634,0.880752042207991,"EUROSTATcensus"
1991,"Portugal","m","2a","From 25 to 29 years",65412,0.182005870977615,"EUROSTATcensus"
1991,"Portugal","m","2a","From 30 to 34 years",46854,0.137463436673933,"EUROSTATcensus"
1991,"Portugal","m","2a","From 35 to 39 years",31318,0.0973651894110149,"EUROSTATcensus"
1991,"Portugal","m","2a","From 40 to 44 years",28462,0.0925632628371281,"EUROSTATcensus"
1991,"Portugal","m","2a","From 45 to 49 years",21463,0.0790487485083752,"EUROSTATcensus"
1991,"Portugal","m","2a","From 50 to 54 years",15353,0.0578361090496766,"EUROSTATcensus"
1991,"Portugal","m","2a","From 55 to 59 years",12171,0.046256460930374,"EUROSTATcensus"
1991,"Portugal","m","2a","From 60 to 64 years",9387,0.0383142857142857,"EUROSTATcensus"
1991,"Portugal","m","2a","From 65 to 69 years",6955,0.0328216212134797,"EUROSTATcensus"
1991,"Portugal","m","2b","From 25 to 29 years",52198,0.145238525855952,"EUROSTATcensus"
1991,"Portugal","m","2b","From 30 to 34 years",52704,0.154626562651278,"EUROSTATcensus"
1991,"Portugal","m","2b","From 35 to 39 years",34141,0.106141673532201,"EUROSTATcensus"
1991,"Portugal","m","2b","From 40 to 44 years",29015,0.0943617128529011,"EUROSTATcensus"
1991,"Portugal","m","2b","From 45 to 49 years",21141,0.0778628147144183,"EUROSTATcensus"
1991,"Portugal","m","2b","From 50 to 54 years",16013,0.0603223874299792,"EUROSTATcensus"
1991,"Portugal","m","2b","From 55 to 59 years",12767,0.0485215871085436,"EUROSTATcensus"
1991,"Portugal","m","2b","From 60 to 64 years",10297,0.0420285714285714,"EUROSTATcensus"
1991,"Portugal","m","2b","From 65 to 69 years",8037,0.0379277310845056,"EUROSTATcensus"
1991,"Portugal","m","3","From 25 to 29 years",39720,0.11051906676498,"EUROSTATcensus"
1991,"Portugal","m","3","From 30 to 34 years",37751,0.110756439106109,"EUROSTATcensus"
1991,"Portugal","m","3","From 35 to 39 years",38614,0.120047877384154,"EUROSTATcensus"
1991,"Portugal","m","3","From 40 to 44 years",31342,0.101929512467194,"EUROSTATcensus"
1991,"Portugal","m","3","From 45 to 49 years",23208,0.0854756257458124,"EUROSTATcensus"
1991,"Portugal","m","3","From 50 to 54 years",17967,0.0676832782710571,"EUROSTATcensus"
1991,"Portugal","m","3","From 55 to 59 years",14427,0.0548304955913652,"EUROSTATcensus"
1991,"Portugal","m","3","From 60 to 64 years",12283,0.050134693877551,"EUROSTATcensus"
1991,"Portugal","m","3","From 65 to 69 years",10277,0.0484986054940232,"EUROSTATcensus"
1991,"Spain","f","1","From 25 to 29 years",383548,0.580360398802201,"EUROSTATcensus"
1991,"Spain","f","1","From 30 to 34 years",575677,0.714706762361991,"EUROSTATcensus"
1991,"Spain","f","1","From 35 to 39 years",680887,0.823087756199871,"EUROSTATcensus"
1991,"Spain","f","1","From 40 to 44 years",793057,0.895010309371427,"EUROSTATcensus"
1991,"Spain","f","1","From 45 to 49 years",810709,0.931499310029449,"EUROSTATcensus"
1991,"Spain","f","1","From 50 to 54 years",823187,0.958202527077913,"EUROSTATcensus"
1991,"Spain","f","1","From 55 to 59 years",997340,0.970093941557418,"EUROSTATcensus"
1991,"Spain","f","1","From 60 to 64 years",982994,0.975372439755749,"EUROSTATcensus"
1991,"Spain","f","3","From 25 to 29 years",277331,0.419639601197799,"EUROSTATcensus"
1991,"Spain","f","3","From 30 to 34 years",229796,0.285293237638009,"EUROSTATcensus"
1991,"Spain","f","3","From 35 to 39 years",146348,0.176912243800129,"EUROSTATcensus"
1991,"Spain","f","3","From 40 to 44 years",93030,0.104989690628573,"EUROSTATcensus"
1991,"Spain","f","3","From 45 to 49 years",59618,0.0685006899705513,"EUROSTATcensus"
1991,"Spain","f","3","From 50 to 54 years",35908,0.0417974729220866,"EUROSTATcensus"
1991,"Spain","f","3","From 55 to 59 years",30746,0.0299060584425817,"EUROSTATcensus"
1991,"Spain","f","3","From 60 to 64 years",24820,0.0246275602442514,"EUROSTATcensus"
1991,"Spain","m","1","From 25 to 29 years",422004,0.668858133681601,"EUROSTATcensus"
1991,"Spain","m","1","From 30 to 34 years",523227,0.707822030906093,"EUROSTATcensus"
1991,"Spain","m","1","From 35 to 39 years",604253,0.775881971507264,"EUROSTATcensus"
1991,"Spain","m","1","From 40 to 44 years",690908,0.82528306439379,"EUROSTATcensus"
1991,"Spain","m","1","From 45 to 49 years",702308,0.861959225853327,"EUROSTATcensus"
1991,"Spain","m","1","From 50 to 54 years",709639,0.90598265501142,"EUROSTATcensus"
1991,"Spain","m","1","From 55 to 59 years",861688,0.927651438488005,"EUROSTATcensus"
1991,"Spain","m","1","From 60 to 64 years",832743,0.938181461761531,"EUROSTATcensus"
1991,"Spain","m","3","From 25 to 29 years",208928,0.331141866318399,"EUROSTATcensus"
1991,"Spain","m","3","From 30 to 34 years",215980,0.292177969093907,"EUROSTATcensus"
1991,"Spain","m","3","From 35 to 39 years",174542,0.224118028492736,"EUROSTATcensus"
1991,"Spain","m","3","From 40 to 44 years",146269,0.17471693560621,"EUROSTATcensus"
1991,"Spain","m","3","From 45 to 49 years",112473,0.138040774146673,"EUROSTATcensus"
1991,"Spain","m","3","From 50 to 54 years",73642,0.0940173449885801,"EUROSTATcensus"
1991,"Spain","m","3","From 55 to 59 years",67204,0.0723485615119949,"EUROSTATcensus"
1991,"Spain","m","3","From 60 to 64 years",54871,0.0618185382384685,"EUROSTATcensus"
1991,"Switzerland","f","1","From 25 to 29 years",6564,0.02257741639236,"EUROSTATcensus"
1991,"Switzerland","f","1","From 30 to 34 years",6910,0.025505684334859,"EUROSTATcensus"
1991,"Switzerland","f","1","From 35 to 39 years",7114,0.0284257549966835,"EUROSTATcensus"
1991,"Switzerland","f","1","From 40 to 44 years",7120,0.0281238396941137,"EUROSTATcensus"
1991,"Switzerland","f","1","From 45 to 49 years",6632,0.028229324956477,"EUROSTATcensus"
1991,"Switzerland","f","1","From 50 to 54 years",6866,0.0347811110097971,"EUROSTATcensus"
1991,"Switzerland","f","1","From 55 to 59 years",6885,0.0369362989667493,"EUROSTATcensus"
1991,"Switzerland","f","1","From 60 to 64 years",7656,0.0437600740766144,"EUROSTATcensus"
1991,"Switzerland","f","1","From 65 to 69 years",8619,0.052133676092545,"EUROSTATcensus"
1991,"Switzerland","f","2a","From 25 to 29 years",64995,0.223555633519415,"EUROSTATcensus"
1991,"Switzerland","f","2a","From 30 to 34 years",70331,0.259600620109257,"EUROSTATcensus"
1991,"Switzerland","f","2a","From 35 to 39 years",72585,0.290031406583395,"EUROSTATcensus"
1991,"Switzerland","f","2a","From 40 to 44 years",81706,0.322736860399896,"EUROSTATcensus"
1991,"Switzerland","f","2a","From 45 to 49 years",81666,0.347614000587401,"EUROSTATcensus"
1991,"Switzerland","f","2a","From 50 to 54 years",82608,0.418467523783472,"EUROSTATcensus"
1991,"Switzerland","f","2a","From 55 to 59 years",89421,0.479721247626098,"EUROSTATcensus"
1991,"Switzerland","f","2a","From 60 to 64 years",91344,0.522102952776158,"EUROSTATcensus"
1991,"Switzerland","f","2a","From 65 to 69 years",91906,0.555911084228036,"EUROSTATcensus"
1991,"Switzerland","f","2b","From 25 to 29 years",190558,0.655439870946882,"EUROSTATcensus"
1991,"Switzerland","f","2b","From 30 to 34 years",162441,0.599590284954968,"EUROSTATcensus"
1991,"Switzerland","f","2b","From 35 to 39 years",142942,0.571160285456275,"EUROSTATcensus"
1991,"Switzerland","f","2b","From 40 to 44 years",139946,0.55278354913377,"EUROSTATcensus"
1991,"Switzerland","f","2b","From 45 to 49 years",126317,0.537672442781559,"EUROSTATcensus"
1991,"Switzerland","f","2b","From 50 to 54 years",94374,0.478070575362451,"EUROSTATcensus"
1991,"Switzerland","f","2b","From 55 to 59 years",80838,0.433675604339009,"EUROSTATcensus"
1991,"Switzerland","f","2b","From 60 to 64 years",68481,0.391422888302068,"EUROSTATcensus"
1991,"Switzerland","f","2b","From 65 to 69 years",58027,0.350987448964162,"EUROSTATcensus"
1991,"Switzerland","f","3","From 25 to 29 years",28616,0.0984270791413427,"EUROSTATcensus"
1991,"Switzerland","f","3","From 30 to 34 years",31238,0.115303410600915,"EUROSTATcensus"
1991,"Switzerland","f","3","From 35 to 39 years",27625,0.110382552963647,"EUROSTATcensus"
1991,"Switzerland","f","3","From 40 to 44 years",24394,0.0963557507722206,"EUROSTATcensus"
1991,"Switzerland","f","3","From 45 to 49 years",20318,0.0864842316745625,"EUROSTATcensus"
1991,"Switzerland","f","3","From 50 to 54 years",13558,0.0686807898442803,"EUROSTATcensus"
1991,"Switzerland","f","3","From 55 to 59 years",9258,0.049666849068143,"EUROSTATcensus"
1991,"Switzerland","f","3","From 60 to 64 years",7473,0.0427140848451593,"EUROSTATcensus"
1991,"Switzerland","f","3","From 65 to 69 years",6773,0.0409677907152578,"EUROSTATcensus"
1991,"Switzerland","m","1","From 25 to 29 years",8816,0.0280480277935085,"EUROSTATcensus"
1991,"Switzerland","m","1","From 30 to 34 years",8383,0.0284909289884922,"EUROSTATcensus"
1991,"Switzerland","m","1","From 35 to 39 years",7365,0.0277843796330877,"EUROSTATcensus"
1991,"Switzerland","m","1","From 40 to 44 years",6967,0.0263795597222327,"EUROSTATcensus"
1991,"Switzerland","m","1","From 45 to 49 years",5940,0.024436198484462,"EUROSTATcensus"
1991,"Switzerland","m","1","From 50 to 54 years",5806,0.0295536914118174,"EUROSTATcensus"
1991,"Switzerland","m","1","From 55 to 59 years",5319,0.0298165266184953,"EUROSTATcensus"
1991,"Switzerland","m","1","From 60 to 64 years",4364,0.0285553505293602,"EUROSTATcensus"
1991,"Switzerland","m","1","From 65 to 69 years",5165,0.0390158782916106,"EUROSTATcensus"
1991,"Switzerland","m","2a","From 25 to 29 years",61526,0.195744437162364,"EUROSTATcensus"
1991,"Switzerland","m","2a","From 30 to 34 years",60785,0.206587274074376,"EUROSTATcensus"
1991,"Switzerland","m","2a","From 35 to 39 years",54582,0.205909980873482,"EUROSTATcensus"
1991,"Switzerland","m","2a","From 40 to 44 years",53027,0.200779232580858,"EUROSTATcensus"
1991,"Switzerland","m","2a","From 45 to 49 years",47984,0.197398408767412,"EUROSTATcensus"
1991,"Switzerland","m","2a","From 50 to 54 years",46450,0.236439711691167,"EUROSTATcensus"
1991,"Switzerland","m","2a","From 55 to 59 years",45662,0.255965827872482,"EUROSTATcensus"
1991,"Switzerland","m","2a","From 60 to 64 years",42874,0.280541269155772,"EUROSTATcensus"
1991,"Switzerland","m","2a","From 65 to 69 years",43839,0.331155293015667,"EUROSTATcensus"
1991,"Switzerland","m","2b","From 25 to 29 years",187205,0.59559108927901,"EUROSTATcensus"
1991,"Switzerland","m","2b","From 30 to 34 years",154943,0.526597877879511,"EUROSTATcensus"
1991,"Switzerland","m","2b","From 35 to 39 years",136390,0.514529740415049,"EUROSTATcensus"
1991,"Switzerland","m","2b","From 40 to 44 years",137759,0.521604961644188,"EUROSTATcensus"
1991,"Switzerland","m","2b","From 45 to 49 years",127152,0.523082745740121,"EUROSTATcensus"
1991,"Switzerland","m","2b","From 50 to 54 years",100138,0.509722278779981,"EUROSTATcensus"
1991,"Switzerland","m","2b","From 55 to 59 years",91935,0.515356716426277,"EUROSTATcensus"
1991,"Switzerland","m","2b","From 60 to 64 years",75873,0.496466569824506,"EUROSTATcensus"
1991,"Switzerland","m","2b","From 65 to 69 years",59870,0.452251816712242,"EUROSTATcensus"
1991,"Switzerland","m","3","From 25 to 29 years",56771,0.180616445765117,"EUROSTATcensus"
1991,"Switzerland","m","3","From 30 to 34 years",70123,0.238323919057621,"EUROSTATcensus"
1991,"Switzerland","m","3","From 35 to 39 years",66740,0.251775899078381,"EUROSTATcensus"
1991,"Switzerland","m","3","From 40 to 44 years",66353,0.251236246052721,"EUROSTATcensus"
1991,"Switzerland","m","3","From 45 to 49 years",62006,0.255082647008006,"EUROSTATcensus"
1991,"Switzerland","m","3","From 50 to 54 years",44062,0.224284318117034,"EUROSTATcensus"
1991,"Switzerland","m","3","From 55 to 59 years",35475,0.198860929082745,"EUROSTATcensus"
1991,"Switzerland","m","3","From 60 to 64 years",29715,0.194436810490362,"EUROSTATcensus"
1991,"Switzerland","m","3","From 65 to 69 years",23508,0.177577011980481,"EUROSTATcensus"
1991,"United Kingdom","f","3","From 25 to 29 years",404265,1,"EUROSTATcensus"
1991,"United Kingdom","f","3","From 30 to 34 years",373221,1,"EUROSTATcensus"
1991,"United Kingdom","f","3","From 35 to 39 years",347185,1,"EUROSTATcensus"
1991,"United Kingdom","f","3","From 40 to 44 years",326607,1,"EUROSTATcensus"
1991,"United Kingdom","f","3","From 45 to 49 years",227143,1,"EUROSTATcensus"
1991,"United Kingdom","f","3","From 50 to 54 years",176291,1,"EUROSTATcensus"
1991,"United Kingdom","f","3","From 55 to 59 years",145449,1,"EUROSTATcensus"
1991,"United Kingdom","f","3","From 60 to 64 years",117768,1,"EUROSTATcensus"
1991,"United Kingdom","f","3","From 65 to 69 years",85513,1,"EUROSTATcensus"
1991,"United Kingdom","m","3","From 25 to 29 years",420108,1,"EUROSTATcensus"
1991,"United Kingdom","m","3","From 30 to 34 years",416287,1,"EUROSTATcensus"
1991,"United Kingdom","m","3","From 35 to 39 years",402913,1,"EUROSTATcensus"
1991,"United Kingdom","m","3","From 40 to 44 years",436052,1,"EUROSTATcensus"
1991,"United Kingdom","m","3","From 45 to 49 years",317431,1,"EUROSTATcensus"
1991,"United Kingdom","m","3","From 50 to 54 years",242131,1,"EUROSTATcensus"
1991,"United Kingdom","m","3","From 55 to 59 years",199115,1,"EUROSTATcensus"
1991,"United Kingdom","m","3","From 60 to 64 years",171128,1,"EUROSTATcensus"
1991,"United Kingdom","m","3","From 65 to 69 years",130960,1,"EUROSTATcensus"
